<?xml version="1.0" ?>
<OpenGUI>
	<Plugin File="TachometerWidget" />
	
	<Font Name="pecot" File="pecot.ttf" />

	<Imageset File="tachometer.png">
		<Imagery Name="TachBG" Left="2" Top="2" Width="321" Height="321" />
		<Imagery Name="TachNeedle" Left="42" Top="348" Width="131" Height="7" />
	</Imageset>


	<CursorDef Name="Square" BaseName="Generic" BaseLibrary="OpenGUI">
		<Property ValueName="Size" ValueType="FVECTOR2" ValueData="(100x100)" />
		<Property ValueName="Imagery" ValueType="STRING" ValueData="TachBG" />
		<Property ValueName="Offset" ValueType="IVECTOR2" ValueData="(160x160)" />
	</CursorDef>
</OpenGUI>
