<Font name="pecot" file="pecot.ttf" xres="800" yres="600" autoscale="true" />
<Font name="kaiser" file="kaiser.ttf" xres="800" yres="600" autoscale="true" />

<Imageset sourceimage="guiatlas.png">
	<Imagery Name="Cursor" XPos="400" YPos="2" Width="23" Height="23" />
	<Imagery Name="LogoBlade" XPos="0" YPos="0" Width="396" Height="512" />

	<!-- Button -->
	<Imagery Name="Button_UL" XPos="440" YPos="82"  Width="6"  Height="6" />
	<Imagery Name="Button_UM"  XPos="446" YPos="82"  Width="58" Height="6" />
	<Imagery Name="Button_UR" XPos="504" YPos="82"  Width="6"  Height="6" />
	<Imagery Name="Button_ML"  XPos="440" YPos="88"  Width="6"  Height="26" />
	<Imagery Name="Button_MM"  XPos="446" YPos="88"  Width="58" Height="26" />
	<Imagery Name="Button_MR"  XPos="504" YPos="88"  Width="6"  Height="26" />
	<Imagery Name="Button_LL" XPos="440" YPos="114" Width="6"  Height="6" />
	<Imagery Name="Button_LM"  XPos="446" YPos="114" Width="58" Height="6" />
	<Imagery Name="Button_LR" XPos="504" YPos="114" Width="6"  Height="6" />

	<!-- ButtonHover -->
	<Imagery Name="ButtonH_UL" XPos="440" YPos="42" Width="6"  Height="6" />
	<Imagery Name="ButtonH_UM"  XPos="446" YPos="42" Width="58" Height="6" />
	<Imagery Name="ButtonH_UR" XPos="504" YPos="42" Width="6"  Height="6" />
	<Imagery Name="ButtonH_ML"  XPos="440" YPos="48" Width="6"  Height="26" />
	<Imagery Name="ButtonH_MM"  XPos="446" YPos="48" Width="58" Height="26" />
	<Imagery Name="ButtonH_MR"  XPos="504" YPos="48" Width="6"  Height="26" />
	<Imagery Name="ButtonH_LL" XPos="440" YPos="74" Width="6"  Height="6" />
	<Imagery Name="ButtonH_LM"  XPos="446" YPos="74" Width="58" Height="6" />
	<Imagery Name="ButtonH_LR" XPos="504" YPos="74" Width="6"  Height="6" />

	<!-- ButtonPress -->
	<Imagery Name="ButtonP_UL" XPos="440" YPos="2"  Width="6"  Height="6" />
	<Imagery Name="ButtonP_UM"  XPos="446" YPos="2"  Width="58" Height="6" />
	<Imagery Name="ButtonP_UR" XPos="504" YPos="2"  Width="6"  Height="6" />
	<Imagery Name="ButtonP_ML"  XPos="440" YPos="8"  Width="6"  Height="26" />
	<Imagery Name="ButtonP_MM"  XPos="446" YPos="8"  Width="58" Height="26" />
	<Imagery Name="ButtonP_MR"  XPos="504" YPos="8"  Width="6"  Height="26" />
	<Imagery Name="ButtonP_LL" XPos="440" YPos="34" Width="6"  Height="6" />
	<Imagery Name="ButtonP_LM"  XPos="446" YPos="34" Width="58" Height="6" />
	<Imagery Name="ButtonP_LR" XPos="504" YPos="34" Width="6"  Height="6" />

	<!-- TextFrame -->
	<Imagery Name="Frame_UL" XPos="450" YPos="122" Width="11" Height="11" />
	<Imagery Name="Frame_UM"  XPos="461" YPos="122" Width="38" Height="11" />
	<Imagery Name="Frame_UR" XPos="499" YPos="122" Width="11" Height="11" />
	<Imagery Name="Frame_ML"  XPos="450" YPos="133" Width="11"  Height="26" />
	<Imagery Name="Frame_MM"  XPos="461" YPos="133" Width="38" Height="38" />
	<Imagery Name="Frame_MR"  XPos="499" YPos="133" Width="11" Height="38" />
	<Imagery Name="Frame_LL" XPos="450" YPos="171" Width="11" Height="11" />
	<Imagery Name="Frame_LM"  XPos="461" YPos="171" Width="38" Height="11" />
	<Imagery Name="Frame_LR" XPos="499" YPos="171" Width="11" Height="11" />
</Imageset>

<!-- TextFrame Template -->
<Template name="TextFrame" group="OpenGUI" type="FrameImage">
	<Property name="Imagery_UL" value="Frame_UL" />
	<Property name="Imagery_UM" value="Frame_UM" />
	<Property name="Imagery_UR" value="Frame_UR" />
	<Property name="Imagery_ML" value="Frame_ML" />
	<Property name="Imagery_MM" value="Frame_MM" />
	<Property name="Imagery_MR" value="Frame_MR" />
	<Property name="Imagery_LL" value="Frame_LL" />
	<Property name="Imagery_LM" value="Frame_LM" />
	<Property name="Imagery_LR" value="Frame_LR" />	
	<Property name="position" value="(0.59875 x0.465)" />
	<Property name="size" value="(0.40125x0.535)" />
</Template>

<Template name="Button" group="OpenGUI" type="FrameButton">
	<Property name="ImageryNormal_UL" value="Button_UL" />
	<Property name="ImageryNormal_UM" value="Button_UM" />
	<Property name="ImageryNormal_UR" value="Button_UR" />
	<Property name="ImageryNormal_ML" value="Button_ML" />
	<Property name="ImageryNormal_MM" value="Button_MM" />
	<Property name="ImageryNormal_MR" value="Button_MR" />
	<Property name="ImageryNormal_LL" value="Button_LL" />
	<Property name="ImageryNormal_LM" value="Button_LM" />
	<Property name="ImageryNormal_LR" value="Button_LR" />
	
	<Property name="ImageryOver_UL" value="ButtonH_UL" />
	<Property name="ImageryOver_UM" value="ButtonH_UM" />
	<Property name="ImageryOver_UR" value="ButtonH_UR" />
	<Property name="ImageryOver_ML" value="ButtonH_ML" />
	<Property name="ImageryOver_MM" value="ButtonH_MM" />
	<Property name="ImageryOver_MR" value="ButtonH_MR" />
	<Property name="ImageryOver_LL" value="ButtonH_LL" />
	<Property name="ImageryOver_LM" value="ButtonH_LM" />
	<Property name="ImageryOver_LR" value="ButtonH_LR" />
	
	<Property name="ImageryPress_UL" value="ButtonP_UL" />
	<Property name="ImageryPress_UM" value="ButtonP_UM" />
	<Property name="ImageryPress_UR" value="ButtonP_UR" />
	<Property name="ImageryPress_ML" value="ButtonP_ML" />
	<Property name="ImageryPress_MM" value="ButtonP_MM" />
	<Property name="ImageryPress_MR" value="ButtonP_MR" />
	<Property name="ImageryPress_LL" value="ButtonP_LL" />
	<Property name="ImageryPress_LM" value="ButtonP_LM" />
	<Property name="ImageryPress_LR" value="ButtonP_LR" />
	
	<Property name="fontsize" value="20" />
	<Property name="font" value="kaiser" />
	<Property name="text" value="ButtonText" />
	
	<Property name="AutoWrap" value="FALSE" />
	<Property name="Alignment_H" value="ALIGN_CENTER" />
	<Property name="Alignment_V" value="ALIGN_CENTER" />
	
	<Property name="position" value="(0.5 x 0.0)" />
	<Property name="size" value="(0.25 x 0.25)" />
	
</Template>
<Template name="GetItText" group="OpenGUI" type="TextLabel">
	<Property name="fontsize" value="15" />
	<Property name="font" value="pecot" />
	<Property name="text" value="Text" />
	<Property name="AutoWrap" value="FALSE" />
	<Property name="Alignment_H" value="ALIGN_CENTER" />
	<Property name="Alignment_V" value="ALIGN_CENTER" />
</Template>

<Template name="Description" group="OpenGUI" type="TextLabel">
	<Property name="fontsize" value="11" />
	<Property name="font" value="pecot" />
	<Property name="text" value="Text" />
	<Property name="AutoWrap" value="TRUE" />
	<Property name="Alignment_H" value="ALIGN_LEFT" />
	<Property name="Alignment_V" value="ALIGN_TOP" />
</Template>

<!-- Logo Display W = 0.580078125, H = 1.0 -->
<GUISheet Name="root">
	<Widget name="DemoName" group="OpenGUI" type="TextLabel">
		<Property name="position" value="(0.0 x 0.0)" />
		<Property name="size" value="(0.990625 x 0.13125 )" />
		<Property name="fontsize" value="40" />
		<Property name="font" value="kaiser" />
		<Property name="text" value="DEMO O" />
		<Property name="AutoWrap" value="FALSE" />
		<Property name="Alignment_H" value="ALIGN_RIGHT" />
		<Property name="Alignment_V" value="ALIGN_CENTER" />
	</Widget>	
	
	<Widget name="Logo" group="OpenGUI" type="StaticImage">
		<Property name="position" value="(0.0 x 0.0)" />
		<Property name="size" value="(0.580078125 x 1.0)" />
		<Property name="Imagery" value="LogoBlade" />
	</Widget>
	
	
	
	
	
	
<!-- OGRE SCENE -->
	
	<Widget name="ogreGroup" type="Container" group="OpenGUI">
		<Property name="position" value="(0.0 x 0.0)" />
		<Property name="size" value="(1.0 x 1.0)" />
		<Widget name="OgreFrame" type="TextFrame">
			<Property name="position" value="(0.1484375 x 0.14583333333333333333333333333333)" />
			<Property name="size" value="(0.4890625 x 0.48125)" />
		</Widget>
		
				
		<Widget name="getOgre" type="GetItText">
			<Property name="position" value="(0.196875 x 0.64375)" />
			<Property name="size" value="(0.396875 x 0.1)" />
			<Property name="text">Get it now at:
			&#10;http://www.ogre3d.org/
			</Property>
		</Widget>
		<Widget name="getOgretoo" type="GetItText">
			<Property name="position" value="(0.20625 x 0.75)" />
			<Property name="size" value="(0.375 x 0.047916666666666666666666666666667)" />
			<Property name="text">(you know you want this too)</Property>
			<Property name="fontsize" value="11" />
		</Widget>
		
		<Widget name="ogreWording" type="Description">
			<Property name="position" value="(0.163 x 0.15208333333333333333333333333333)" />
			<Property name="size" value="(0.46 x 0.45416)" />
			<Property name="text">From the Ogre website:
			&#10;&#10;OGRE (Object-Oriented Graphics Rendering Engine) is a scene-oriented,
			flexible 3D engine written in C++ designed to make it easier and more intuitive
			for developers to produce applications utilising hardware-accelerated 3D graphics.
			The class library abstracts all the details of using the underlying system libraries
			like Direct3D and OpenGL and provides an interface based on world objects
			and other intuitive classes.
			</Property>
		</Widget>
	</Widget>
	
	
<!-- OPENGUI SCENE -->
	<Widget name="openguiGroup" type="Container" group="OpenGUI">
		<Property name="position" value="(0.0 x 0.0)" />
		<Property name="size" value="(1.0 x 1.0)" />
		<Widget name="openguiFrame" type="TextFrame">
			<Property name="position" value="(0.13125 x 0.010416666666666666666666666666667)" />
			<Property name="size" value="(0.528125 x 0.79166666666666666666666666666667)" />
		</Widget>


		<Widget name="getOpenGUI" type="GetItText">
			<Property name="position" value="(0.06875 x 0.81458333333333333333333333333333)" />
			<Property name="size" value="(0.65 x 0.125)" />
			<Property name="text">Get it now at:
			&#10;http://opengui.sourceforge.net/
			</Property>
		</Widget>
		<Widget name="getOpenGUItoo" type="GetItText">
			<Property name="position" value="(0.2453125 x 0.94583333333333333333333333333333)" />
			<Property name="size" value="(0.2984375 x 0.047916666666666666666666666666667)" />
			<Property name="text">(you know you want it)</Property>
			<Property name="fontsize" value="11" />
		</Widget>

		<Widget name="openguiWording" type="Description">
			<Property name="position" value="(0.144 x 0.029166666666666666666666666666667)" />
			<Property name="size" value="(0.498 x 0.76666666666666666666666666666667)" />
			<Property name="text">OpenGUI is a 2D GUI framework designed to be easily
			extended, and easily integrated into any rendering engine. In this case,
			it is running under the Ogre rendering engine, but OpenGUI is easily
			used in any context. Even native OpenGL or DirectX.

			&#10;&#10;OpenGUI only comes with a small set of premade Widgets that are
			ready to use out of the box. The idea being that there is no way that the
			designers of OpenGUI can possibly predict what sort of Widgets you may need
			in your application.

			&#10;&#10;To offset this shortage of Widgets, OpenGUI is designed with
			extentability in mind, and creating new Widgets is easy and effective.
			Not all Widgets need to actually draw to the screen either. It's possible
			to create custom Widgets that simply act as containers, and arrange their
			children as they see fit.
			</Property>
		</Widget>
	</Widget>
	
	
	
	
<!-- BUTTON GROUP -->
	
	<Widget name="buttonGroup" type="Container" group="OpenGUI">
		<Property name="position" value="(0.0 x 0.0)" />
		<Property name="size" value="(1.0 x 1.0)" />
		
		<Widget name="IntroButton" type="Button">
			<Property name="position" value="(0.871875 x 0.21666666666666666666666666666667 )" />
			<Property name="size" value="(0.109375 x 0.083333333333333333333333333333333)" />
			<Property name="text" value="Intro" />
		</Widget>
		
		<Widget name="OpenGUIButton" type="Button">
			<Property name="position" value="(0.73125 x 0.33958333333333333333333333333333 )" />
			<Property name="size" value="(0.25 x 0.083333333333333333333333333333333)" />
			<Property name="text" value="About OpenGUI" />
		</Widget>
		
		<Widget name="OgreButton" type="Button">
			<Property name="position" value="(0.7796875 x 0.46666666666666666666666666666667 )" />
			<Property name="size" value="(0.2015625 x 0.083333333333333333333333333333333)" />
			<Property name="text" value="About Ogre" />
		</Widget>
		
		<Widget name="QuitButton" type="Button">
			<Property name="position" value="(0.871875 x 0.59583333333333333333333333333333 )" />
			<Property name="size" value="(0.109375 x 0.083333333333333333333333333333333 )" />
			<Property name="text" value="Quit" />
		</Widget>
	</Widget>
</GUISheet>
