<Font name="pecot" file="pecot.ttf" xres=800 yres=600 autoscale=true />
<Font name="kaiser" file="kaiser.ttf" xres=800 yres=600 autoscale=true />

<Imageset sourceimage="guiatlas.png">
	<Imagery Name="Cursor" XPos="400" YPos="2" Width="23" Height="23" />
	<Imagery Name="LogoBlade" XPos="0" YPos="0" Width="396" Height="512" />

	<!-- Button -->
	<Imagery Name="Button_UL" XPos="440" YPos="82"  Width="6"  Height="6" />
	<Imagery Name="Button_UM"  XPos="446" YPos="82"  Width="58" Height="6" />
	<Imagery Name="Button_UR" XPos="504" YPos="82"  Width="6"  Height="6" />
	<Imagery Name="Button_ML"  XPos="440" YPos="88"  Width="6"  Height="26" />
	<Imagery Name="Button_MM"  XPos="446" YPos="88"  Width="58" Height="26" />
	<Imagery Name="Button_MR"  XPos="504" YPos="88"  Width="6"  Height="26" />
	<Imagery Name="Button_LL" XPos="440" YPos="114" Width="6"  Height="6" />
	<Imagery Name="Button_LM"  XPos="446" YPos="114" Width="58" Height="6" />
	<Imagery Name="Button_LR" XPos="504" YPos="114" Width="6"  Height="6" />

	<!-- ButtonHover -->
	<Imagery Name="ButtonH_UL" XPos="440" YPos="42" Width="6"  Height="6" />
	<Imagery Name="ButtonH_UM"  XPos="446" YPos="42" Width="58" Height="6" />
	<Imagery Name="ButtonH_UR" XPos="504" YPos="42" Width="6"  Height="6" />
	<Imagery Name="ButtonH_ML"  XPos="440" YPos="48" Width="6"  Height="26" />
	<Imagery Name="ButtonH_MM"  XPos="446" YPos="48" Width="58" Height="26" />
	<Imagery Name="ButtonH_MR"  XPos="504" YPos="48" Width="6"  Height="26" />
	<Imagery Name="ButtonH_LL" XPos="440" YPos="74" Width="6"  Height="6" />
	<Imagery Name="ButtonH_LM"  XPos="446" YPos="74" Width="58" Height="6" />
	<Imagery Name="ButtonH_LR" XPos="504" YPos="74" Width="6"  Height="6" />

	<!-- ButtonPress -->
	<Imagery Name="ButtonP_UL" XPos="440" YPos="2"  Width="6"  Height="6" />
	<Imagery Name="ButtonP_UM"  XPos="446" YPos="2"  Width="58" Height="6" />
	<Imagery Name="ButtonP_UR" XPos="504" YPos="2"  Width="6"  Height="6" />
	<Imagery Name="ButtonP_ML"  XPos="440" YPos="8"  Width="6"  Height="26" />
	<Imagery Name="ButtonP_MM"  XPos="446" YPos="8"  Width="58" Height="26" />
	<Imagery Name="ButtonP_MR"  XPos="504" YPos="8"  Width="6"  Height="26" />
	<Imagery Name="ButtonP_LL" XPos="440" YPos="34" Width="6"  Height="6" />
	<Imagery Name="ButtonP_LM"  XPos="446" YPos="34" Width="58" Height="6" />
	<Imagery Name="ButtonP_LR" XPos="504" YPos="34" Width="6"  Height="6" />

	<!-- TextFrame -->
	<Imagery Name="Frame_UL" XPos="450" YPos="122" Width="11" Height="11" />
	<Imagery Name="Frame_UM"  XPos="461" YPos="122" Width="38" Height="11" />
	<Imagery Name="Frame_UR" XPos="499" YPos="122" Width="11" Height="11" />
	<Imagery Name="Frame_ML"  XPos="450" YPos="133" Width="11"  Height="26" />
	<Imagery Name="Frame_MM"  XPos="461" YPos="133" Width="38" Height="38" />
	<Imagery Name="Frame_MR"  XPos="499" YPos="133" Width="11" Height="38" />
	<Imagery Name="Frame_LL" XPos="450" YPos="171" Width="11" Height="11" />
	<Imagery Name="Frame_LM"  XPos="461" YPos="171" Width="38" Height="11" />
	<Imagery Name="Frame_LR" XPos="499" YPos="171" Width="11" Height="11" />
</Imageset>

<!-- TextFrame Template -->
<Template name="TextFrame" group="OpenGUI" type="FrameImage">
	<Property name="Imagery_UL" value="Frame_UL" />
	<Property name="Imagery_UM" value="Frame_UM" />
	<Property name="Imagery_UR" value="Frame_UR" />
	<Property name="Imagery_ML" value="Frame_ML" />
	<Property name="Imagery_MM" value="Frame_MM" />
	<Property name="Imagery_MR" value="Frame_MR" />
	<Property name="Imagery_LL" value="Frame_LL" />
	<Property name="Imagery_LM" value="Frame_LM" />
	<Property name="Imagery_LR" value="Frame_LR" />	
	<Property name="position" value="(0.59875 x0.465)" />
	<Property name="size" value="(0.40125x0.535)" />
</Template>

<Template name="Button" group="OpenGUI" type="FrameButton">
	<Property name="ImageryNormal_UL" value="Button_UL" />
	<Property name="ImageryNormal_UM" value="Button_UM" />
	<Property name="ImageryNormal_UR" value="Button_UR" />
	<Property name="ImageryNormal_ML" value="Button_ML" />
	<Property name="ImageryNormal_MM" value="Button_MM" />
	<Property name="ImageryNormal_MR" value="Button_MR" />
	<Property name="ImageryNormal_LL" value="Button_LL" />
	<Property name="ImageryNormal_LM" value="Button_LM" />
	<Property name="ImageryNormal_LR" value="Button_LR" />
	
	<Property name="ImageryOver_UL" value="ButtonH_UL" />
	<Property name="ImageryOver_UM" value="ButtonH_UM" />
	<Property name="ImageryOver_UR" value="ButtonH_UR" />
	<Property name="ImageryOver_ML" value="ButtonH_ML" />
	<Property name="ImageryOver_MM" value="ButtonH_MM" />
	<Property name="ImageryOver_MR" value="ButtonH_MR" />
	<Property name="ImageryOver_LL" value="ButtonH_LL" />
	<Property name="ImageryOver_LM" value="ButtonH_LM" />
	<Property name="ImageryOver_LR" value="ButtonH_LR" />
	
	<Property name="ImageryPress_UL" value="ButtonP_UL" />
	<Property name="ImageryPress_UM" value="ButtonP_UM" />
	<Property name="ImageryPress_UR" value="ButtonP_UR" />
	<Property name="ImageryPress_ML" value="ButtonP_ML" />
	<Property name="ImageryPress_MM" value="ButtonP_MM" />
	<Property name="ImageryPress_MR" value="ButtonP_MR" />
	<Property name="ImageryPress_LL" value="ButtonP_LL" />
	<Property name="ImageryPress_LM" value="ButtonP_LM" />
	<Property name="ImageryPress_LR" value="ButtonP_LR" />
	
	<Property name="fontsize" value="20" />
	<Property name="font" value="kaiser" />
	<Property name="text" value="ButtonText" />
	
	<Property name="AutoWrap" value="FALSE" />
	<Property name="Alignment_H" value="ALIGN_CENTER" />
	<Property name="Alignment_V" value="ALIGN_JUSTIFIED" />
	
	<Property name="position" value="(0.5 x 0.0)" />
	<Property name="size" value="(0.25 x 0.25)" />
	
</Template>


<!-- Logo Display W = 0.580078125, H = 1.0 -->
<GUISheet Name="root">
	<Widget name="Logo" group="OpenGUI" type="StaticImage">
		<Property name="position" value="(0.0 x 0.0)" />
		<Property name="size" value="(0.580078125 x 1.0)" />
		<Property name="Imagery" value="LogoBlade" />
	</Widget>
	
	
	<Widget name="buttonGroup" type="Container" group="OpenGUI">
		<Property name="position" value="(0.0 x 0.0)" />
		<Property name="size" value="(1.0 x 1.0)" />
		
		<Widget name="IntroButton" type="Button">
			<Property name="position" value="(0.871875 x 0.21666666666666666666666666666667 )" />
			<Property name="size" value="(0.109375 x 0.083333333333333333333333333333333)" />
			<Property name="text" value="Intro" />
		</Widget>
		
		<Widget name="OpenGUIButton" type="Button">
			<Property name="position" value="(0.73125 x 0.33958333333333333333333333333333 )" />
			<Property name="size" value="(0.25 x 0.083333333333333333333333333333333)" />
			<Property name="text" value="About OpenGUI" />
		</Widget>
		
		<Widget name="OgreButton" type="Button">
			<Property name="position" value="(0.7796875 x 0.46666666666666666666666666666667 )" />
			<Property name="size" value="(0.2015625 x 0.083333333333333333333333333333333)" />
			<Property name="text" value="About Ogre" />
		</Widget>
		
		<Widget name="QuitButton" type="Button">
			<Property name="position" value="(0.871875 x 0.59583333333333333333333333333333 )" />
			<Property name="size" value="(0.109375 x 0.083333333333333333333333333333333)" />
			<Property name="text" value="Quit" />
		</Widget>
	</Widget>
</GUISheet>
