<Font name="pecot" file="pecot.ttf" xres=800 yres=600 autoscale=true />
<Font name="kaiser" file="kaiser.ttf" xres=800 yres=600 autoscale=true />

<Imageset sourceimage="guiatlas.png">
	<Imagery Name="Cursor" XPos="400" YPos="2" Width="23" Height="23" />
	<Imagery Name="LogoBlade" XPos="0" YPos="0" Width="396" Height="512" />

	<!-- Button -->
	<Imagery Name="Button_UL" XPos="440" YPos="82"  Width="6"  Height="6" />
	<Imagery Name="Button_U"  XPos="446" YPos="82"  Width="58" Height="6" />
	<Imagery Name="Button_UR" XPos="504" YPos="82"  Width="6"  Height="6" />
	<Imagery Name="Button_L"  XPos="440" YPos="88"  Width="6"  Height="26" />
	<Imagery Name="Button_C"  XPos="446" YPos="88"  Width="58" Height="26" />
	<Imagery Name="Button_R"  XPos="504" YPos="88"  Width="6"  Height="26" />
	<Imagery Name="Button_LL" XPos="440" YPos="114" Width="6"  Height="6" />
	<Imagery Name="Button_D"  XPos="446" YPos="114" Width="58" Height="6" />
	<Imagery Name="Button_LR" XPos="504" YPos="114" Width="6"  Height="6" />

	<!-- ButtonHover -->
	<Imagery Name="ButtonH_UL" XPos="440" YPos="42" Width="6"  Height="6" />
	<Imagery Name="ButtonH_U"  XPos="446" YPos="42" Width="58" Height="6" />
	<Imagery Name="ButtonH_UR" XPos="504" YPos="42" Width="6"  Height="6" />
	<Imagery Name="ButtonH_L"  XPos="440" YPos="48" Width="6"  Height="26" />
	<Imagery Name="ButtonH_C"  XPos="446" YPos="48" Width="58" Height="26" />
	<Imagery Name="ButtonH_R"  XPos="504" YPos="48" Width="6"  Height="26" />
	<Imagery Name="ButtonH_LL" XPos="440" YPos="74" Width="6"  Height="6" />
	<Imagery Name="ButtonH_D"  XPos="446" YPos="74" Width="58" Height="6" />
	<Imagery Name="ButtonH_LR" XPos="504" YPos="74" Width="6"  Height="6" />

	<!-- ButtonPress -->
	<Imagery Name="ButtonP_UL" XPos="440" YPos="2"  Width="6"  Height="6" />
	<Imagery Name="ButtonP_U"  XPos="446" YPos="2"  Width="58" Height="6" />
	<Imagery Name="ButtonP_UR" XPos="504" YPos="2"  Width="6"  Height="6" />
	<Imagery Name="ButtonP_L"  XPos="440" YPos="8"  Width="6"  Height="26" />
	<Imagery Name="ButtonP_C"  XPos="446" YPos="8"  Width="58" Height="26" />
	<Imagery Name="ButtonP_R"  XPos="504" YPos="8"  Width="6"  Height="26" />
	<Imagery Name="ButtonP_LL" XPos="440" YPos="34" Width="6"  Height="6" />
	<Imagery Name="ButtonP_D"  XPos="446" YPos="34" Width="58" Height="6" />
	<Imagery Name="ButtonP_LR" XPos="504" YPos="34" Width="6"  Height="6" />

	<!-- TextFrame -->
	<Imagery Name="Frame_UL" XPos="450" YPos="122" Width="11" Height="11" />
	<Imagery Name="Frame_UM"  XPos="461" YPos="122" Width="38" Height="11" />
	<Imagery Name="Frame_UR" XPos="499" YPos="122" Width="11" Height="11" />
	<Imagery Name="Frame_ML"  XPos="450" YPos="133" Width="6"  Height="26" />
	<Imagery Name="Frame_MM"  XPos="461" YPos="133" Width="38" Height="38" />
	<Imagery Name="Frame_MR"  XPos="499" YPos="133" Width="11" Height="38" />
	<Imagery Name="Frame_LL" XPos="450" YPos="171" Width="11" Height="11" />
	<Imagery Name="Frame_LM"  XPos="461" YPos="171" Width="38" Height="11" />
	<Imagery Name="Frame_LR" XPos="499" YPos="171" Width="11" Height="11" />
</Imageset>

<!-- TextFrame Template -->
<Template name="TextFrame" group="OpenGUI" type="ScalingImage">
	<Property name="Imagery_UL" value="Frame_UL" />
	<Property name="Imagery_UM" value="Frame_UM" />
	<Property name="Imagery_UR" value="Frame_UR" />
	<Property name="Imagery_ML" value="Frame_ML" />
	<Property name="Imagery_MM" value="Frame_MM" />
	<Property name="Imagery_MR" value="Frame_MR" />
	<Property name="Imagery_LL" value="Frame_LL" />
	<Property name="Imagery_LM" value="Frame_LM" />
	<Property name="Imagery_LR" value="Frame_LR" />
	
	<Property name="position" value="(0.59875 x0.465)" />
	<Property name="size" value="(0.40125x0.535)" />
</Template>



<!-- Logo Display W = 0.580078125, H = 1.0 -->
<GUISheet Name="root">
	<Widget name="Logo" group="OpenGUI" type="StaticImage">
		<Property name="position" value="(0.0 x 0.0)" />
		<Property name="size" value="(0.580078125 x 1.0)" />
		<Property name="Imagery" value="LogoBlade" />
	</Widget>
	<Widget name="Hi" group="OpenGUI" type="TextLabel">
		<Property name="position" value="(0.0 x 0.0)" />
		<Property name="size" value="(1.0 x 1.0)" />
		<Property name="text" value="Hello World!" />
		<Property name="fontsize" value="30" />
		<Property name="font" value="kaiser" />
	</Widget>
	
	<Widget name="TestFrame" type="TextFrame"/>
</GUISheet>
